Titolo_bando,Link_bando,Criteri_presenti,Link_Criteri,Data_pubbl_Criteri,Tracce_presenti,Link_Tracce,Data_pubbl_Tracce,Fonte
id-20250910-094904,https://www.urp.cnr.it/node/33048,✓,https://www.urp.cnr.it/system/files?file=2025-10/Bando-332.2-TEC-IRPPS-Pubblicazione-criteri.pdf,2025-10-17,✗,,,urp_nuovo
id-20250520-073312,https://www.urp.cnr.it/node/27770,✓,https://www.urp.cnr.it/system/files?file=2025-10/Bando-367.500-A-Pubblicazione-criteri.pdf,2025-10-17,✗,,,urp_nuovo
id-20251017-112516,https://www.urp.cnr.it/node/35583,✗,,,✗,,,urp_nuovo
id-20250718-113606,https://www.urp.cnr.it/node/31238,✓,https://www.urp.cnr.it/system/files?file=2025-10/pubblicazione-dei-criteri-bando-331.1-RIC-IEIIT_LM_signed.pdf,2025-10-16,✗,,,urp_nuovo
id-20250710-094446,https://www.urp.cnr.it/node/30734,✓,https://www.urp.cnr.it/system/files?file=2025-10/Pubblicazione_criteri_URP_STEMS_331_3_TD-signed_signed.pdf,2025-10-16,✗,,,urp_nuovo
id-20250519-102227,https://www.urp.cnr.it/node/27725,✓,https://www.urp.cnr.it/system/files?file=2025-10/ANS1.25-PI_STRALCIO-CRITERI_verbale-1-riunione-per-URP.pdf,2025-10-15,✗,,,urp_nuovo
id-20250512-103050,https://www.urp.cnr.it/node/27269,✓,https://www.urp.cnr.it/system/files?file=2025-10/2-Pubblicazione-dei-criteri-Bando-367.489-1_signed.pdf,2025-10-15,✗,,,urp_nuovo
id-20250512-103050,https://www.urp.cnr.it/node/27269,✓,https://www.urp.cnr.it/system/files?file=2025-10/2-Pubblicazione-dei-criteri-Bando-367.489-1_signed.pdf,2025-10-15,✗,,,urp_nuovo
id-20250409-083833,https://www.urp.cnr.it/node/25503,✓,https://www.urp.cnr.it/system/files?file=2025-10/pubblicazione-dei-criteri_firme-oscurate.pdf,2025-10-15,✗,,,urp_nuovo
id-20250409-083524,https://www.urp.cnr.it/node/25501,✓,https://www.urp.cnr.it/system/files?file=2025-10/bando367_475-compliance_pubblicazione-dei-criteri.pdf,2025-10-15,✗,,,urp_nuovo
id-20251015-093415,https://www.urp.cnr.it/node/35275,✗,,,✗,,,urp_nuovo
id-20251015-092201,https://www.urp.cnr.it/node/35268,✗,,,✗,,,urp_nuovo
id-20251015-092124,https://www.urp.cnr.it/node/35267,✗,,,✗,,,urp_nuovo
id-20250912-110505,https://www.urp.cnr.it/node/33193,✓,https://www.urp.cnr.it/system/files?file=2025-10/2025-10-14-All-8-Criteri-valutazione-bando-331.3-RIC-ITC-Prot-392963_SIGNED_signed.pdf,2025-10-14,✗,,,urp_nuovo
id-20251014-100553,https://www.urp.cnr.it/node/35235,✗,,,✗,,,urp_nuovo
id-20251014-100316,https://www.urp.cnr.it/node/35231,✗,,,✗,,,urp_nuovo
id-20250512-104800,https://www.urp.cnr.it/node/27298,✓,https://www.urp.cnr.it/system/files?file=2025-10/Criteri-di-valutazione-bando-367.499-firme-oscurate.pdf,2025-10-13,✗,,,urp_nuovo
id-20250512-104800,https://www.urp.cnr.it/node/27298,✓,https://www.urp.cnr.it/system/files?file=2025-10/Criteri-di-valutazione-bando-367.499-firme-oscurate.pdf,2025-10-13,✗,,,urp_nuovo
id-20250311-101116,https://www.urp.cnr.it/node/23608,✓,https://www.urp.cnr.it/system/files?file=2025-10/Stralcio-dei-Criteri_Bando-361.471-OTP-SAC.pdf,2025-10-13,✗,,,urp_nuovo
id-20251013-105601,https://www.urp.cnr.it/node/35097,✗,,,✗,,,urp_nuovo
id-20251013-105521,https://www.urp.cnr.it/node/35096,✗,,,✗,,,urp_nuovo
id-20250716-084000,https://www.urp.cnr.it/node/31049,✓,https://www.urp.cnr.it/system/files?file=2025-10/modello_pubblicazione_criteri.pdf,2025-10-10,✗,,,urp_nuovo
id-20250716-083924,https://www.urp.cnr.it/node/31048,✓,https://www.urp.cnr.it/system/files?file=2025-10/Trasp-Pubblicazione-criteri.pdf,2025-10-10,✗,,,urp_nuovo
id-20250903-081003,https://www.urp.cnr.it/node/32777,✓,https://www.urp.cnr.it/system/files?file=2025-10/2025-10-08_Rosselli_criteri-bando-332.1-TEC-IGAG.pdf,2025-10-08,✗,,,urp_nuovo
id-20250707-083234,https://www.urp.cnr.it/node/30441,✓,https://www.urp.cnr.it/system/files?file=2025-10/modello-per-la-pubblicazione-dei-criteri-bandi-t.d_signed.pdf,2025-10-08,✗,,,urp_nuovo
id-20251008-084923,https://www.urp.cnr.it/node/34705,✗,,,✗,,,urp_nuovo
id-20251008-084056,https://www.urp.cnr.it/node/34701,✗,,,✗,,,urp_nuovo
id-20251008-084023,https://www.urp.cnr.it/node/34700,✗,,,✗,,,urp_nuovo
id-20251008-083951,https://www.urp.cnr.it/node/34699,✗,,,✗,,,urp_nuovo
id-20251008-083917,https://www.urp.cnr.it/node/34698,✗,,,✗,,,urp_nuovo
id-20251008-083840,https://www.urp.cnr.it/node/34697,✗,,,✗,,,urp_nuovo
id-20251008-083754,https://www.urp.cnr.it/node/34696,✗,,,✗,,,urp_nuovo
id-20251008-083503,https://www.urp.cnr.it/node/34695,✗,,,✗,,,urp_nuovo
id-20251007-121131,https://www.urp.cnr.it/node/34678,✗,,,✗,,,urp_nuovo
id-20251007-121033,https://www.urp.cnr.it/node/34677,✗,,,✗,,,urp_nuovo
id-20251007-120654,https://www.urp.cnr.it/node/34676,✗,,,✗,,,urp_nuovo
id-20251007-120654,https://www.urp.cnr.it/node/34676,✗,,,✗,,,urp_nuovo
id-20251007-120508,https://www.urp.cnr.it/node/34674,✗,,,✗,,,urp_nuovo
id-20251007-120416,https://www.urp.cnr.it/node/34673,✗,,,✗,,,urp_nuovo
id-20251007-120128,https://www.urp.cnr.it/node/34671,✗,,,✗,,,urp_nuovo
id-20251007-120128,https://www.urp.cnr.it/node/34671,✗,,,✗,,,urp_nuovo
id-20251007-120031,https://www.urp.cnr.it/node/34670,✗,,,✗,,,urp_nuovo
id-20251007-115931,https://www.urp.cnr.it/node/34669,✗,,,✗,,,urp_nuovo
id-20251007-115829,https://www.urp.cnr.it/node/34668,✗,,,✗,,,urp_nuovo
id-20251007-115829,https://www.urp.cnr.it/node/34668,✗,,,✗,,,urp_nuovo
id-20251007-115055,https://www.urp.cnr.it/node/34666,✗,,,✗,,,urp_nuovo
id-20251007-114944,https://www.urp.cnr.it/node/34665,✗,,,✗,,,urp_nuovo
id-20251007-114325,https://www.urp.cnr.it/node/34664,✗,,,✗,,,urp_nuovo
id-20251007-110530,https://www.urp.cnr.it/node/34663,✗,,,✗,,,urp_nuovo
id-20251007-110530,https://www.urp.cnr.it/node/34663,✗,,,✗,,,urp_nuovo
id-20251007-102438,https://www.urp.cnr.it/node/34645,✗,,,✗,,,urp_nuovo
id-20250808-131400,https://www.urp.cnr.it/node/32375,✓,https://www.urp.cnr.it/system/files?file=2025-10/PUbblicazioni-criteri_bando-n.331.2-RIC-IAS_signed.pdf,2025-10-06,✗,,,urp_nuovo
id-20251006-092708,https://www.urp.cnr.it/node/34497,✗,,,✗,,,urp_nuovo
id-20251002-085143,https://www.urp.cnr.it/node/34324,✗,,,✗,,,urp_nuovo
id-20251001-085314,https://www.urp.cnr.it/node/34181,✗,,,✗,,,urp_nuovo
id-20250725-093057,https://www.urp.cnr.it/node/31612,✓,https://www.urp.cnr.it/system/files?file=2025-09/pubblicazioneCriteriBando331.1TEC_IBIOM_signed-firmato.pdf,2025-09-29,✗,,,urp_nuovo
id-20250811-113554,https://www.urp.cnr.it/node/32479,✓,https://www.urp.cnr.it/system/files?file=2025-09/ANS1.30-TS_STRALCIO-CRITERI_verbale-1-riunione_Redacted.pdf,2025-09-26,✗,,,urp_nuovo
id-20250723-095222,https://www.urp.cnr.it/node/31455,✓,https://www.urp.cnr.it/system/files?file=2025-09/Criteri-di-Valutazione-BANDO-N-331.4-TEC-NANOTEC-PNRR_signed.pdf,2025-09-26,✗,,,urp_nuovo
id-20250716-081647,https://www.urp.cnr.it/node/31034,✓,https://www.urp.cnr.it/system/files?file=2025-09/Pubblicazione-dei-criteri-bandi-331-3_signed_signed.pdf,2025-09-26,✗,,,urp_nuovo
id-20250926-100949,https://www.urp.cnr.it/node/33937,✗,,,✗,,,urp_nuovo
id-20250926-100908,https://www.urp.cnr.it/node/33935,✗,,,✗,,,urp_nuovo
id-20250926-100409,https://www.urp.cnr.it/node/33929,✗,,,✗,,,urp_nuovo
id-20250512-103352,https://www.urp.cnr.it/node/27270,✓,https://www.urp.cnr.it/system/files?file=2025-09/367.480-modello-per-la-pubblicazione-dei-criteri-URP.pdf,2025-09-25,✗,,,urp_nuovo
id-20250925-082336,https://www.urp.cnr.it/node/33812,✗,,,✗,,,urp_nuovo
id-20250925-082019,https://www.urp.cnr.it/node/33811,✗,,,✗,,,urp_nuovo
id-20250924-141022,https://www.urp.cnr.it/node/33806,✗,,,✗,,,urp_nuovo
id-20250729-075636,https://www.urp.cnr.it/node/31784,✓,https://www.urp.cnr.it/system/files?file=2025-09/TraspPubblCriteri_331.7RicImaa.pdf,2025-09-23,✗,,,urp_nuovo
id-20250923-102243,https://www.urp.cnr.it/node/33671,✗,,,✗,,,urp_nuovo
id-20250807-093142,https://www.urp.cnr.it/node/32310,✓,https://www.urp.cnr.it/system/files?file=2025-09/pubblicazione-criteri-bando-331.6-ISTC-TEC_FO.pdf,2025-09-22,✗,,,urp_nuovo
id-20250722-080707,https://www.urp.cnr.it/node/31346,✓,https://www.urp.cnr.it/system/files?file=2025-09/Criteri-bando-331.3-RIC-NANOTEC_Lecce_signed.pdf,2025-09-22,✗,,,urp_nuovo
id-20250718-112909,https://www.urp.cnr.it/node/31235,✓,https://www.urp.cnr.it/system/files?file=2025-09/331.7-TEC-2025-Verbale-1-Criteri-copia.pdf,2025-09-19,✗,,,urp_nuovo
id-20250716-084136,https://www.urp.cnr.it/node/31050,✓,https://www.urp.cnr.it/system/files?file=2025-09/Trasp_PubblicazioneCriteri_331.4_signed.pdf,2025-09-19,✗,,,urp_nuovo
id-20250512-105155,https://www.urp.cnr.it/node/27306,✓,https://www.urp.cnr.it/system/files?file=2025-09/Criteri-di-Valutazione-Bando-367.488-RIC_firmato_oscurato.pdf,2025-09-18,✗,,,urp_nuovo
id-20250512-105155,https://www.urp.cnr.it/node/27306,✓,https://www.urp.cnr.it/system/files?file=2025-09/Criteri-di-Valutazione-Bando-367.488-RIC_firmato_oscurato.pdf,2025-09-18,✗,,,urp_nuovo
id-20250311-101643,https://www.urp.cnr.it/node/23609,✓,https://www.urp.cnr.it/system/files?file=2025-09/BANDO-N-367.472-OTP-ISPAAM-Pubblicazione-dei-criteri_signed_signed.pdf,2025-09-18,✗,,,urp_nuovo
id-20250918-092555,https://www.urp.cnr.it/node/33462,✗,,,✗,,,urp_nuovo
id-20250918-092343,https://www.urp.cnr.it/node/33461,✗,,,✗,,,urp_nuovo
id-20250918-084943,https://www.urp.cnr.it/node/33438,✗,,,✗,,,urp_nuovo
id-20250918-084943,https://www.urp.cnr.it/node/33438,✗,,,✗,,,urp_nuovo
id-20250918-084736,https://www.urp.cnr.it/node/33435,✗,,,✗,,,urp_nuovo
id-20250918-084736,https://www.urp.cnr.it/node/33435,✗,,,✗,,,urp_nuovo
id-20250918-084642,https://www.urp.cnr.it/node/33434,✗,,,✗,,,urp_nuovo
id-20250918-084537,https://www.urp.cnr.it/node/33433,✗,,,✗,,,urp_nuovo
id-20250918-084430,https://www.urp.cnr.it/node/33432,✗,,,✗,,,urp_nuovo
id-20250918-084430,https://www.urp.cnr.it/node/33432,✗,,,✗,,,urp_nuovo
id-20250918-084152,https://www.urp.cnr.it/node/33428,✗,,,✗,,,urp_nuovo
id-20250918-084057,https://www.urp.cnr.it/node/33426,✗,,,✗,,,urp_nuovo
id-20250918-083843,https://www.urp.cnr.it/node/33422,✗,,,✗,,,urp_nuovo
id-20250918-083843,https://www.urp.cnr.it/node/33422,✗,,,✗,,,urp_nuovo
id-20250918-083643,https://www.urp.cnr.it/node/33420,✗,,,✗,,,urp_nuovo
id-20250918-083533,https://www.urp.cnr.it/node/33419,✗,,,✗,,,urp_nuovo
id-20250918-083533,https://www.urp.cnr.it/node/33419,✗,,,✗,,,urp_nuovo
id-20250918-083310,https://www.urp.cnr.it/node/33417,✗,,,✗,,,urp_nuovo
id-20250918-083217,https://www.urp.cnr.it/node/33416,✗,,,✗,,,urp_nuovo
id-20250918-083045,https://www.urp.cnr.it/node/33415,✗,,,✗,,,urp_nuovo
id-20250721-101247,https://www.urp.cnr.it/node/31279,✓,https://www.urp.cnr.it/system/files?file=2025-09/modello-per-la-pubblicazione-dei-criteri-bandi-td-OSCURATO.pdf,2025-09-17,✗,,,urp_nuovo
id-20250718-112833,https://www.urp.cnr.it/node/31234,✓,https://www.urp.cnr.it/system/files?file=2025-09/1deg-Verbale-t.d-dichiarazioni-criteri-new_Vitale_Tarantino_Scartazza-copia.pdf,2025-09-17,✗,,,urp_nuovo
id-20250407-085902,https://www.urp.cnr.it/node/25290,✓,https://www.urp.cnr.it/system/files?file=2025-09/ANS1.18-BO-pubblicazione-dei-criteri-FIRME-OSCURATE.pdf,2025-09-17,✗,,,urp_nuovo
id-20250917-075530,https://www.urp.cnr.it/node/33345,✗,,,✗,,,urp_nuovo
id-20250917-075417,https://www.urp.cnr.it/node/33344,✗,,,✗,,,urp_nuovo
id-20250917-075225,https://www.urp.cnr.it/node/33343,✗,,,✗,,,urp_nuovo
id-20250917-075035,https://www.urp.cnr.it/node/33342,✗,,,✗,,,urp_nuovo
id-20250807-093050,https://www.urp.cnr.it/node/32309,✓,https://www.urp.cnr.it/system/files?file=2025-09/pubblicazione-criteri-bando-331.5-ISTC-RIC_FO.pdf,2025-09-16,✗,,,urp_nuovo
id-20250804-103346,https://www.urp.cnr.it/node/32168,✓,https://www.urp.cnr.it/system/files?file=2025-09/Modello-per-la-pubblicazione-dei-criteri-dei-bandi_signed.pdf,2025-09-16,✗,,,urp_nuovo
id-20250512-102723,https://www.urp.cnr.it/node/27264,✓,https://www.urp.cnr.it/system/files?file=2025-09/Criteri-367.477-TEC-DSU_Redacted.pdf,2025-09-16,✗,,,urp_nuovo
id-20250916-112253,https://www.urp.cnr.it/node/33330,✗,,,✗,,,urp_nuovo
id-20250721-101042,https://www.urp.cnr.it/node/31276,✓,https://www.urp.cnr.it/system/files?file=2025-09/6-Pubblicazione-dei-criteri-bandi-331-4_signed_signed.pdf,2025-09-15,✗,,,urp_nuovo
id-20250718-113045,https://www.urp.cnr.it/node/31236,✓,https://www.urp.cnr.it/system/files?file=2025-09/Modello-pubblicazione-criteri-Bando-331.14-TEC-INO.pdf,2025-09-15,✗,,,urp_nuovo
id-20250609-110559,https://www.urp.cnr.it/node/28949,✓,https://www.urp.cnr.it/system/files?file=2025-09/ANS1.27FI-pubblicazione-dei-criteri.pdf,2025-09-15,✗,,,urp_nuovo
id-20250915-093737,https://www.urp.cnr.it/node/33236,✗,,,✗,,,urp_nuovo
id-20250915-093649,https://www.urp.cnr.it/node/33234,✗,,,✗,,,urp_nuovo
id-20250915-093227,https://www.urp.cnr.it/node/33228,✗,,,✗,,,urp_nuovo
id-20250915-092946,https://www.urp.cnr.it/node/33222,✗,,,✗,,,urp_nuovo
id-20250912-111118,https://www.urp.cnr.it/node/33196,✗,,,✗,,,urp_nuovo
id-20250718-113129,https://www.urp.cnr.it/node/31237,✓,https://www.urp.cnr.it/system/files?file=2025-09/331.15-INO-RIC-pubblicazione-dei-criteri-bandi-t.d-Firme-oscurate_signed.pdf,2025-09-11,✗,,,urp_nuovo
id-20250910-094744,https://www.urp.cnr.it/node/33045,✗,,,✗,,,urp_nuovo
id-20250804-103242,https://www.urp.cnr.it/node/32167,✓,https://www.urp.cnr.it/system/files?file=2025-09/Criteri-di-valutazione-BANDO-331.6-RIC-ITM.pdf,2025-09-08,✗,,,urp_nuovo
id-20250804-104245,https://www.urp.cnr.it/node/32175,✓,https://www.urp.cnr.it/system/files?file=2025-09/PubblicazioneCriteriBando331.4RIC-ISTC-Firmeoscurate_0.pdf,2025-09-05,✗,,,urp_nuovo
id-20250731-093448,https://www.urp.cnr.it/node/31968,✓,https://www.urp.cnr.it/system/files?file=2025-09/331_8_Modello-per-la-pubblicazione-dei-criteri-bandi-t.d_signed_MD.pdf,2025-09-05,✗,,,urp_nuovo
id-20250721-103000,https://www.urp.cnr.it/node/31289,✓,https://www.urp.cnr.it/system/files?file=2025-09/estratto-criteri-valutazione.pdf,2025-09-04,✗,,,urp_nuovo
id-20250624-081443,https://www.urp.cnr.it/node/29752,✓,https://www.urp.cnr.it/system/files?file=2025-09/ESTRATTO-valutazine-criteri-BANDO-331.4-RIC-IIT-URP_signed.pdf,2025-09-04,✗,,,urp_nuovo
id-20250729-075730,https://www.urp.cnr.it/node/31785,✓,https://www.urp.cnr.it/system/files?file=2025-09/Pubblicazione-dei-criteri-BANDO-331.7-ifn_signed_AG-1.pdf,2025-09-02,✗,,,urp_nuovo
id-20250527-120356,https://www.urp.cnr.it/node/28287,✓,https://www.urp.cnr.it/system/files?file=2025-09/Criteri-bando-IBBA-331.2-RIC_signed.pdf,2025-09-01,✗,,,urp_nuovo
id-20250630-080028,https://www.urp.cnr.it/node/30056,✓,https://www.urp.cnr.it/system/files?file=2025-09/modello-pubblicazione-criteri_oscurato.pdf,2025-08-30,✗,,,urp_nuovo
id-20250828-084035,https://www.urp.cnr.it/node/32662,✗,,,✗,,,urp_nuovo
id-20250828-083851,https://www.urp.cnr.it/node/32661,✗,,,✗,,,urp_nuovo
id-20250630-080115,https://www.urp.cnr.it/node/30057,✓,https://www.urp.cnr.it/system/files?file=2025-08/modello-per-la-pubblicazione-dei-criteri-bando-331.10-RIC-INO_signed.pdf,2025-08-26,✗,,,urp_nuovo
id-20250811-104627,https://www.urp.cnr.it/node/32467,✗,,,✗,,,urp_nuovo
id-20250811-104459,https://www.urp.cnr.it/node/32465,✗,,,✗,,,urp_nuovo
id-20250811-104309,https://www.urp.cnr.it/node/32463,✗,,,✗,,,urp_nuovo
id-20250811-104115,https://www.urp.cnr.it/node/32461,✗,,,✗,,,urp_nuovo
id-20250811-104005,https://www.urp.cnr.it/node/32460,✗,,,✗,,,urp_nuovo
id-20250811-103900,https://www.urp.cnr.it/node/32458,✗,,,✗,,,urp_nuovo
id-20250811-103743,https://www.urp.cnr.it/node/32457,✗,,,✗,,,urp_nuovo
id-20250811-103604,https://www.urp.cnr.it/node/32456,✗,,,✗,,,urp_nuovo
id-20250811-103459,https://www.urp.cnr.it/node/32455,✗,,,✗,,,urp_nuovo
id-20250811-103328,https://www.urp.cnr.it/node/32454,✗,,,✗,,,urp_nuovo
id-20250702-101550,https://www.urp.cnr.it/node/30263,✓,https://www.urp.cnr.it/system/files?file=2025-08/Pubblicazione-dei-criteri_signedAC_signedFC.pdf,2025-08-07,✗,,,urp_nuovo
id-20250806-115406,https://www.urp.cnr.it/node/32299,✗,,,✗,,,urp_nuovo
id-20250806-115257,https://www.urp.cnr.it/node/32298,✗,,,✗,,,urp_nuovo
id-20250806-115157,https://www.urp.cnr.it/node/32297,✗,,,✗,,,urp_nuovo
id-20250806-115052,https://www.urp.cnr.it/node/32296,✗,,,✗,,,urp_nuovo
id-20250806-111314,https://www.urp.cnr.it/node/32289,✗,,,✗,,,urp_nuovo
id-20250806-111007,https://www.urp.cnr.it/node/32288,✗,,,✗,,,urp_nuovo
id-20250806-110846,https://www.urp.cnr.it/node/32287,✗,,,✗,,,urp_nuovo
id-20250805-115602,https://www.urp.cnr.it/node/32248,✗,,,✗,,,urp_nuovo
id-20250805-115602,https://www.urp.cnr.it/node/32248,✗,,,✗,,,urp_nuovo
id-20250805-115304,https://www.urp.cnr.it/node/32246,✗,,,✗,,,urp_nuovo
id-20250805-115141,https://www.urp.cnr.it/node/32245,✗,,,✗,,,urp_nuovo
id-20250805-115141,https://www.urp.cnr.it/node/32245,✗,,,✗,,,urp_nuovo
id-20250805-115141,https://www.urp.cnr.it/node/32245,✗,,,✗,,,urp_nuovo
id-20250805-114828,https://www.urp.cnr.it/node/32243,✗,,,✗,,,urp_nuovo
id-20250805-114642,https://www.urp.cnr.it/node/32242,✗,,,✗,,,urp_nuovo
id-20250805-114334,https://www.urp.cnr.it/node/32240,✗,,,✗,,,urp_nuovo
id-20250805-114334,https://www.urp.cnr.it/node/32240,✗,,,✗,,,urp_nuovo
id-20250805-114027,https://www.urp.cnr.it/node/32238,✗,,,✗,,,urp_nuovo
id-20250805-113903,https://www.urp.cnr.it/node/32237,✗,,,✗,,,urp_nuovo
id-20250805-113903,https://www.urp.cnr.it/node/32237,✗,,,✗,,,urp_nuovo
id-20250805-113903,https://www.urp.cnr.it/node/32237,✗,,,✗,,,urp_nuovo
id-20250805-113611,https://www.urp.cnr.it/node/32235,✗,,,✗,,,urp_nuovo
id-20250805-113447,https://www.urp.cnr.it/node/32234,✗,,,✗,,,urp_nuovo
id-20250805-113332,https://www.urp.cnr.it/node/32233,✗,,,✗,,,urp_nuovo
id-20250805-113209,https://www.urp.cnr.it/node/32232,✗,,,✗,,,urp_nuovo
id-20250805-113209,https://www.urp.cnr.it/node/32232,✗,,,✗,,,urp_nuovo
id-20250801-115827,https://www.urp.cnr.it/node/32122,✗,,,✗,,,urp_nuovo
id-20250509-104721,https://www.urp.cnr.it/node/27200,✓,https://www.urp.cnr.it/system/files?file=2025-08/Bando-331.4-RIC-IPSP-Stralcio-criteri_firme-oscurate.pdf,2025-07-31,✗,,,urp_nuovo
id-20250604-114800,https://www.urp.cnr.it/node/28698,✓,https://www.urp.cnr.it/system/files?file=2025-07/Pubblicazione-dei-criteri-bando-331-1-TEC-ISP-1oscurato.pdf,2025-07-30,✗,,,urp_nuovo
id-20250522-103735,https://www.urp.cnr.it/node/27977,✓,https://www.urp.cnr.it/system/files?file=2025-07/Pubblicazione-criteri-BANDO-N-331.2_TEC-CNR-NANOTEC-LECCE_signed.pdf,2025-07-30,✗,,,urp_nuovo
id-20250612-152413,https://www.urp.cnr.it/node/29235,✓,https://www.urp.cnr.it/system/files?file=2025-07/_criteri-di-valut.BANDO-331.2_signed_signed_MFM.pdf,2025-07-29,✗,,,urp_nuovo
id-20250609-110505,https://www.urp.cnr.it/node/28948,✓,https://www.urp.cnr.it/system/files?file=2025-07/ANS18.11_FI-Stralcio-criteri-signed_signed.pdf,2025-07-25,✗,,,urp_nuovo
id-20250724-084720,https://www.urp.cnr.it/node/31518,✗,,,✗,,,urp_nuovo
id-20250618-082831,https://www.urp.cnr.it/node/29332,✓,https://www.urp.cnr.it/system/files?file=2025-07/pubblicazione-criteri-331.8-RIC-INO-signed.pdf,2025-07-22,✗,,,urp_nuovo
id-20250722-081144,https://www.urp.cnr.it/node/31349,✗,,,✗,,,urp_nuovo
id-20250722-081106,https://www.urp.cnr.it/node/31348,✗,,,✗,,,urp_nuovo
id-20250722-080809,https://www.urp.cnr.it/node/31347,✗,,,✗,,,urp_nuovo
id-20250509-100551,https://www.urp.cnr.it/node/27198,✓,https://www.urp.cnr.it/system/files?file=2025-07/Bando-331.2-modello-per-la-pubblicazione-dei-criteri-bandi-t.d_signed_signed.pdf,2025-07-18,✗,,,urp_nuovo
id-20250616-120534,https://www.urp.cnr.it/node/29327,✓,https://www.urp.cnr.it/system/files?file=2025-07/BANDO-N-331.2-RIC-ISB-Criteri-di-valutazione_oscurato.pdf,2025-07-17,✗,,,urp_nuovo
id-20250416-095321,https://www.urp.cnr.it/node/26011,✓,https://www.urp.cnr.it/system/files?file=2025-07/ANS1.23_MB-CRITERI-Stralcio_Redacted.pdf,2025-07-17,✗,,,urp_nuovo
id-20250610-114455,https://www.urp.cnr.it/node/29044,✓,https://www.urp.cnr.it/system/files?file=2025-07/criteri-bando-331.2_Redacted.pdf,2025-07-16,✗,,,urp_nuovo
id-20250512-115819,https://www.urp.cnr.it/node/27323,✓,https://www.urp.cnr.it/system/files?file=2025-07/modello-per-la-pubblicazione-dei-criteri-bandi-td_signed-signed.pdf,2025-07-16,✗,,,urp_nuovo
id-20250528-114143,https://www.urp.cnr.it/node/28362,✓,https://www.urp.cnr.it/system/files?file=2025-07/pubblicazione-dei-criteri-bando-331.5-RIC-INM_signed_oscurato_signed.pdf,2025-07-15,✗,,,urp_nuovo
id-20250325-121012,https://www.urp.cnr.it/node/24431,✓,https://www.urp.cnr.it/system/files?file=2025-07/Criteri-valutazione-Bando-331.5-TEC-ITM.pdf,2025-07-15,✗,,,urp_nuovo
id-20250409-083001,https://www.urp.cnr.it/node/25500,✓,https://www.urp.cnr.it/system/files?file=2025-07/ANS1.22-TO_stralcio_verbale_criteri_cf_per-URP.pdf,2025-07-14,✗,,,urp_nuovo
id-20250527-102615,https://www.urp.cnr.it/node/28239,✓,https://www.urp.cnr.it/system/files?file=2025-07/Stralcio-criteri-Bando-331.1-RIC-IRGB_signed_signed.pdf,2025-07-08,✗,,,urp_nuovo
id-20250423-093424,https://www.urp.cnr.it/node/26372,✓,https://www.urp.cnr.it/system/files?file=2025-07/ANS1.24-LC_stralcio-criteri-di-valutazione.pdf,2025-07-08,✗,,,urp_nuovo
id-20250408-104053,https://www.urp.cnr.it/node/25479,✓,https://www.urp.cnr.it/system/files?file=2025-07/ANS1.19AN_Stralcio-Verbale-criteri_Redacted.pdf,2025-07-07,✗,,,urp_nuovo
id-20250707-083352,https://www.urp.cnr.it/node/30443,✗,,,✗,,,urp_nuovo
id-20250707-083317,https://www.urp.cnr.it/node/30442,✗,,,✗,,,urp_nuovo
id-20250528-114315,https://www.urp.cnr.it/node/28363,✓,https://www.urp.cnr.it/system/files?file=2025-07/Pubblicazione-dei-criteri-331.3-RIC-SPIN_signed.pdf,2025-07-04,✗,,,urp_nuovo
id-20250522-114447,https://www.urp.cnr.it/node/28032,✓,https://www.urp.cnr.it/system/files?file=2025-07/Estratto-per-la-pubblicazione-dei-criteri-bando-t.d_signed.pdf,2025-06-30,✗,,,urp_nuovo
id-20250514-102820,https://www.urp.cnr.it/node/27431,✓,https://www.urp.cnr.it/system/files?file=2025-07/CRITERI-DI-VALUTAZIONE-stabiliti-dalla-Commissione-del-Bando-331.3-RIC-NANO_signed.pdf,2025-06-30,✗,,,urp_nuovo
id-20250523-115328,https://www.urp.cnr.it/node/28116,✓,https://www.urp.cnr.it/system/files?file=2025-06/331_4_estratto_criteri_per_pubblicazione.pdf,2025-06-26,✗,,,urp_nuovo
id-20250514-113415,https://www.urp.cnr.it/node/27485,✓,https://www.urp.cnr.it/system/files?file=2025-06/Bando_331.1-TEC-IAS_Criteri_di_Valutazione_dei_Titoli_e_del_Colloquio.pdf,2025-06-26,✗,,,urp_nuovo
id-20250626-091412,https://www.urp.cnr.it/node/29913,✗,,,✗,,,urp_nuovo
id-20250409-083956,https://www.urp.cnr.it/node/25504,✓,https://www.urp.cnr.it/system/files?file=2025-06/1ERRATA-CORRIGE-A-CRITERI-DI-VALUTAZIONE-TITOLI-ALLEGATO-VERBALE-2-Criteri-bando-367_signed.pdf,2025-06-18,✗,,,urp_nuovo
id-20250507-121631,https://www.urp.cnr.it/node/27051,✓,https://www.urp.cnr.it/system/files?file=2025-06/PUBBLICAZIONE-CRITERI_BANDO-400.15-firme-oscurate.pdf,2025-06-16,✗,,,urp_nuovo
id-20250616-094346,https://www.urp.cnr.it/node/29322,✗,,,✗,,,urp_nuovo
id-20250512-120650,https://www.urp.cnr.it/node/27325,✓,https://www.urp.cnr.it/system/files?file=2025-06/pubblicazione-criteri-bando-331.3-ISTC-RIC.pdf,2025-06-12,✗,,,urp_nuovo
id-20250512-120513,https://www.urp.cnr.it/node/27324,✓,https://www.urp.cnr.it/system/files?file=2025-06/pubblicazione-criteri-bando-331.2-ISTC-RIC.pdf,2025-06-12,✗,,,urp_nuovo
id-20250502-115228,https://www.urp.cnr.it/node/26826,✓,https://www.urp.cnr.it/system/files?file=2025-06/Criteri-Valutazione-Bando-331.6-TEC-ISTI_signed_signed.pdf,2025-06-09,✗,,,urp_nuovo
id-20250424-094638,https://www.urp.cnr.it/node/26445,✓,https://www.urp.cnr.it/system/files?file=2025-06/331.1-RIC-IGM-Pubblicazione-dei-criteri-firma-oscurata.pdf,2025-06-09,✗,,,urp_nuovo
id-20250408-115428,https://www.urp.cnr.it/node/25484,✓,https://www.urp.cnr.it/system/files?file=2025-06/All_8_pubblicazione-criteri-bando-331.2-signed_signed.pdf,2025-05-30,✗,,,urp_nuovo
id-20250213-105153,https://www.urp.cnr.it/node/22958,✓,https://www.urp.cnr.it/system/files?file=2025-06/ALL-12_STRALCIO-CRITERI-BANDO-331.1-no-firme.pdf,2025-05-30,✗,,,urp_nuovo
id-20250213-105153,https://www.urp.cnr.it/node/22958,✓,https://www.urp.cnr.it/system/files?file=2025-06/ALL-12_STRALCIO-CRITERI-BANDO-331.1-no-firme.pdf,2025-05-30,✗,,,urp_nuovo
id-20250408-104215,https://www.urp.cnr.it/node/25480,✓,https://www.urp.cnr.it/system/files?file=2025-05/Pubblicazione-dei-criteri-ANS1.20_PD.pdf,2025-05-28,✗,,,urp_nuovo
id-20241024-162341,https://www.urp.cnr.it/node/17793,✓,https://www.urp.cnr.it/system/files?file=2025-05/criteri-367.462-PR-IBBR_Redacted.pdf,2025-05-22,✗,,,urp_nuovo
id-20240529-122447,https://www.urp.cnr.it/node/7005,✓,https://www.urp.cnr.it/system/files?file=2025-05/Bando-367_460-pubblicazione-dei-criteri_Redatto.pdf,2025-05-18,✗,,,urp_nuovo
id-20250409-081341,https://www.urp.cnr.it/node/25499,✓,https://www.urp.cnr.it/system/files?file=2025-05/Criteri-ANS1.21-VE.pdf,2025-05-14,✗,,,urp_nuovo
id-20250326-112358,https://www.urp.cnr.it/node/24503,✓,https://www.urp.cnr.it/system/files?file=2025-05/bando-331-4-pubblicazione_criteri_signed.pdf,2025-05-13,✗,,,urp_nuovo
id-20250512-104808,https://www.urp.cnr.it/node/27299,✗,,,✗,,,urp_nuovo
id-20250512-104637,https://www.urp.cnr.it/node/27295,✗,,,✗,,,urp_nuovo
id-20250512-104532,https://www.urp.cnr.it/node/27293,✗,,,✗,,,urp_nuovo
id-20250512-104416,https://www.urp.cnr.it/node/27290,✗,,,✗,,,urp_nuovo
id-20250512-104416,https://www.urp.cnr.it/node/27290,✗,,,✗,,,urp_nuovo
id-20250512-104416,https://www.urp.cnr.it/node/27290,✗,,,✗,,,urp_nuovo
id-20250512-104258,https://www.urp.cnr.it/node/27286,✗,,,✗,,,urp_nuovo
id-20250512-104135,https://www.urp.cnr.it/node/27284,✗,,,✗,,,urp_nuovo
id-20250512-104135,https://www.urp.cnr.it/node/27284,✗,,,✗,,,urp_nuovo
id-20250512-103738,https://www.urp.cnr.it/node/27279,✗,,,✗,,,urp_nuovo
id-20250512-103712,https://www.urp.cnr.it/node/27278,✗,,,✗,,,urp_nuovo
id-20250512-103511,https://www.urp.cnr.it/node/27274,✗,,,✗,,,urp_nuovo
id-20250512-103511,https://www.urp.cnr.it/node/27274,✗,,,✗,,,urp_nuovo
id-20250512-103412,https://www.urp.cnr.it/node/27273,✗,,,✗,,,urp_nuovo
id-20250512-102954,https://www.urp.cnr.it/node/27265,✗,,,✗,,,urp_nuovo
id-20241217-133530,https://www.urp.cnr.it/node/22101,✓,https://www.urp.cnr.it/system/files?file=2025-03/367.469-Criteri_Redacted.pdf,2025-03-25,✓,https://www.urp.cnr.it/system/files?file=2025-05/TRACCE-PROVA-SCRITTA-BANDO-367.469-TEC-DSCTM.pdf,2025-05-05,urp_nuovo
id-20241127-071940,https://www.urp.cnr.it/node/20534,✓,https://www.urp.cnr.it/system/files?file=2025-04/BANDO-N-367.466-RIC-CID-ETHICS-Pubblicazione-dei-criteri_signed.pdf,2025-04-28,✗,,,urp_nuovo
id-20250428-083941,https://www.urp.cnr.it/node/26484,✗,,,✗,,,urp_nuovo
id-20241217-133607,https://www.urp.cnr.it/node/22102,✓,https://www.urp.cnr.it/system/files?file=2025-04/Criteri-bando-367.470.pdf,2025-04-16,✗,,,urp_nuovo
id-20241127-072130,https://www.urp.cnr.it/node/20536,✓,https://www.urp.cnr.it/system/files?file=2025-02/367.468-FA-pubblicazione-dei-criteri_signed_signed.pdf,2025-02-25,✓,https://www.urp.cnr.it/system/files?file=2025-04/PUBBLICAZIONE-TRACCE-PROVA-SCRITTA-BANDO-367.468-FA-IRGB.pdf,2025-04-16,urp_nuovo
id-20250307-093734,https://www.urp.cnr.it/node/23487,✓,https://www.urp.cnr.it/system/files?file=2025-04/1.9-modello-per-la-pubblicazione-dei-criteri-bandi-t.d_signed.pdf,2025-04-10,✗,,,urp_nuovo
id-20250409-083705,https://www.urp.cnr.it/node/25502,✗,,,✗,,,urp_nuovo
id-20250120-091724,https://www.urp.cnr.it/node/22642,✓,https://www.urp.cnr.it/system/files?file=2025-04/331.7-PubblicazioneCriteri_firmato-oscurato_signed.pdf,2025-04-07,✗,,,urp_nuovo
id-20250120-091638,https://www.urp.cnr.it/node/22641,✓,https://www.urp.cnr.it/system/files?file=2025-04/331.6-Pubblicazionecriteri_firmato_oscurato_signed.pdf,2025-04-07,✗,,,urp_nuovo
id-20250127-103630,https://www.urp.cnr.it/node/22731,✓,https://www.urp.cnr.it/system/files?file=2025-04/Criteri-valutazione-Bando-245.18-TEC-ITM_Firmati.pdf,2025-04-02,✗,,,urp_nuovo
id-20250303-075419,https://www.urp.cnr.it/node/23302,✓,https://www.urp.cnr.it/system/files?file=2025-04/331.1-RIC-IMEM-criteri_firmato_oscurato.pdf,2025-04-01,✗,,,urp_nuovo
id-20250218-104339,https://www.urp.cnr.it/node/23020,✓,https://www.urp.cnr.it/system/files?file=2025-04/pubblicazione-dei-criteri-bandi-t.d_signed_signed.pdf,2025-04-01,✗,,,urp_nuovo
id-20241127-072040,https://www.urp.cnr.it/node/20535,✓,https://www.urp.cnr.it/system/files?file=2025-04/Stralcio-per-la-pubblicazione-dei-criteri-367.467_Redacted.pdf,2025-04-01,✗,,,urp_nuovo
id-20250214-103152,https://www.urp.cnr.it/node/22977,✓,https://www.urp.cnr.it/system/files?file=2025-03/Pubblicazione-criteri-valutazione-CV_BANDO-331.1_signed.pdf,2025-03-26,✗,,,urp_nuovo
id-20241224-111248,https://www.urp.cnr.it/node/22426,✓,https://www.urp.cnr.it/system/files?file=2025-03/ESTRATTO-CRITERI-BANDO-390.84-TEC-IRBIM_1_signed.pdf,2025-03-26,✗,,,urp_nuovo
id-20250206-085630,https://www.urp.cnr.it/node/22849,✓,https://www.urp.cnr.it/system/files?file=2025-03/Pubblicazione-criteri-valutazione-331.1-IBBA-RIC.pdf,2025-03-25,✗,,,urp_nuovo
id-20250127-090042,https://www.urp.cnr.it/node/22717,✓,https://www.urp.cnr.it/system/files?file=2025-03/Verbale1_Criteri_245.16_Oscurato.pdf,2025-03-24,✗,,,urp_nuovo
id-20241220-094653,https://www.urp.cnr.it/node/22277,✓,https://www.urp.cnr.it/system/files?file=2025-03/ESTRATTO-valutazine-criteri-profilo-TEC-IIT-URP_signed.pdf,2025-03-24,✗,,,urp_nuovo
id-20250321-112041,https://www.urp.cnr.it/node/24224,✗,,,✗,,,urp_nuovo
id-20250321-081600,https://www.urp.cnr.it/node/24134,✗,,,✗,,,urp_nuovo
id-20241105-125636,https://www.urp.cnr.it/node/18625,✓,https://www.urp.cnr.it/system/files?file=2025-01/Modulo-Pubblicazione-criteri-367.464-TEC-DSU-firmato_Redatto.pdf,2025-01-29,✓,https://www.urp.cnr.it/system/files?file=2025-03/Bando-367.464-TEC-DSU-TRACCE-PROVA-SCRITTA.pdf,2025-03-20,urp_nuovo
id-20241105-125636,https://www.urp.cnr.it/node/18625,✓,https://www.urp.cnr.it/system/files?file=2025-01/Modulo-Pubblicazione-criteri-367.464-TEC-DSU-firmato_Redatto.pdf,2025-01-29,✓,https://www.urp.cnr.it/system/files?file=2025-03/Bando-367.464-TEC-DSU-TRACCE-PROVA-SCRITTA.pdf,2025-03-20,urp_nuovo
id-20250123-101505,https://www.urp.cnr.it/node/22689,✓,https://www.urp.cnr.it/system/files?file=2025-03/Pubblicazione-criteri-Bando-245.17-RIC-IPSP-con-firme-oscurate.pdf,2025-03-18,✗,,,urp_nuovo
id-20250131-075958,https://www.urp.cnr.it/node/22791,✓,https://www.urp.cnr.it/system/files?file=2025-03/Criteri-valutazione-bando-ISTC-RIC-331.1_signed.pdf,2025-03-17,✗,,,urp_nuovo
id-20250129-082059,https://www.urp.cnr.it/node/22749,✓,https://www.urp.cnr.it/system/files?file=2025-03/Estratto-criteri-di-valutazione_firmato_SS_signed.pdf,2025-03-17,✗,,,urp_nuovo
id-20250129-083938,https://www.urp.cnr.it/node/22750,✓,https://www.urp.cnr.it/system/files?file=2025-03/ESTRATTO-valutazine-criteri-profilo-IIT-bando331.3-RIC-IIT-URP_signed.pdf,2025-03-14,✗,,,urp_nuovo
id-20241223-131349,https://www.urp.cnr.it/node/22376,✓,https://www.urp.cnr.it/system/files?file=2025-03/STRALCIO-1-VERBALE-331.2-RIC-IMM_firme-oscurate.pdf,2025-03-14,✗,,,urp_nuovo
id-20250313-104626,https://www.urp.cnr.it/node/23746,✗,,,✗,,,urp_nuovo
id-20250129-090327,https://www.urp.cnr.it/node/22751,✓,https://www.urp.cnr.it/system/files?file=2025-03/Criteri-Valutazione-Bando-331.4-RIC-ISTI-Firme-Oscurate_signed.pdf,2025-03-12,✗,,,urp_nuovo
id-20250129-090424,https://www.urp.cnr.it/node/22752,✓,https://www.urp.cnr.it/system/files?file=2025-03/Criteri-di-valutazione-Bando-331.5-RIC-ISTI-LS_BF_signed.pdf,2025-03-11,✗,,,urp_nuovo
id-20250128-093000,https://www.urp.cnr.it/node/22746,✓,https://www.urp.cnr.it/system/files?file=2025-03/modello-per-la-pubblicazione-dei-criteri-bandi-t.d-LB-firma-oscurata_signed.pdf,2025-03-10,✗,,,urp_nuovo
id-20250114-083710,https://www.urp.cnr.it/node/22558,✓,https://www.urp.cnr.it/system/files?file=2025-03/modello-per-la-pubblicazione-dei-criteri_bando-390.85-TEC-IRBIM_osc_signed.pdf,2025-03-05,✗,,,urp_nuovo
id-20250109-085333,https://www.urp.cnr.it/node/22515,✓,https://www.urp.cnr.it/system/files?file=2025-03/Modello-pubblicazione-criteri_signed.pdf,2025-03-05,✗,,,urp_nuovo
id-20250127-103508,https://www.urp.cnr.it/node/22730,✓,https://www.urp.cnr.it/system/files?file=2025-03/Pubblicazione-criteri-di-selezione-Bando-331.1-RIC-ITD-firmatoscurato.pdf,2025-03-04,✗,,,urp_nuovo
id-20250117-083652,https://www.urp.cnr.it/node/22615,✓,https://www.urp.cnr.it/system/files?file=2025-02/pubblicazione-dei-criteri-bando-n-331.1-RIC-IBBC_signed.pdf,2025-02-20,✗,,,urp_nuovo
Codice Bando 367.434 CA Prot.  248066 del 11/08/2023,https://archivio.urp.cnr.it/copertine/formazione/form_concorsi/concorsi2023/367_434_bando.pdf,✓,https://archivio.urp.cnr.it/copertine/formazione/form_concorsi/concorsi2023/367_434_criteri.pdf,2025-02-18,✗,,,urp_archivio
id-20241220-094738,https://www.urp.cnr.it/node/22278,✓,https://www.urp.cnr.it/system/files?file=2025-02/Definizione-Criteri_Bando-N-331.3-RIC-ISMAR_criteri_titoli_oscurato_signed.pdf,2025-02-17,✗,,,urp_nuovo
id-20241223-123800,https://www.urp.cnr.it/node/22372,✓,https://www.urp.cnr.it/system/files?file=2025-02/Estratto-pubblicazione-dei-criteri-BANDO-N-331.4-RIC-ISM_signed_signed.pdf,2025-02-07,✗,,,urp_nuovo
id-20241024-162446,https://www.urp.cnr.it/node/17794,✓,https://www.urp.cnr.it/system/files?file=2024-12/367.463-FA-UR-Criteri.pdf,2024-12-18,✓,https://www.urp.cnr.it/system/files?file=2025-02/367.463-FA-UR-traccia-A.pdf,2025-02-05,urp_nuovo
id-20250205-075508,https://www.urp.cnr.it/node/22832,✗,,,✗,,,urp_nuovo
id-20241224-121139,https://www.urp.cnr.it/node/22427,✓,https://www.urp.cnr.it/system/files?file=2025-01/Pubblicazione_dei_Criteri_BANDO_331.2_signed.pdf,2025-01-30,✗,,,urp_nuovo
id-20240916-143517,https://www.urp.cnr.it/node/14342,✓,https://www.urp.cnr.it/system/files?file=2024-12/CRITERI-Bando-367.461-CTER-ILIESI-firme-oscurate-2.pdf,2024-12-16,✓,https://www.urp.cnr.it/system/files?file=2025-02/TRACCE.zip,2025-01-30,urp_nuovo
id-20241220-094510,https://www.urp.cnr.it/node/22276,✓,https://www.urp.cnr.it/system/files?file=2025-01/modello-per-la-pubblicazione-dei-criteri-bando-t.d-331.1-RIC-ITAE_sig_signed.pdf,2025-01-28,✗,,,urp_nuovo
id-20250128-092749,https://www.urp.cnr.it/node/22744,✗,,,✗,,,urp_nuovo
id-20250124-194048,https://www.urp.cnr.it/node/22715,✓,https://www.urp.cnr.it/system/files?file=2025-01/1deg-Verbale-t.d-dichiarazioni-criteri-copia-1.pdf,2025-01-27,✗,,,urp_nuovo
id-20241210-110645,https://www.urp.cnr.it/node/21528,✓,https://www.urp.cnr.it/system/files?file=2025-01/331.1-RIC-ISMN-STRALCIO-VERBALE-CRITERI_firme-oscurate.pdf,2025-01-22,✗,,,urp_nuovo
id-20241127-092116,https://www.urp.cnr.it/node/20540,✓,https://www.urp.cnr.it/system/files?file=2025-01/Estratto-pubblicazione-dei-criteri-BANDO-N-331.3-RIC-ISM_signed_signed.pdf,2025-01-21,✗,,,urp_nuovo
id-20241104-101610,https://www.urp.cnr.it/node/18450,✓,https://www.urp.cnr.it/system/files?file=2025-01/criteri_valutazione_bando_331_3_RIC_IRPI_signed.pdf,2025-01-21,✗,,,urp_nuovo
id-20241128-124634,https://www.urp.cnr.it/node/20735,✓,https://www.urp.cnr.it/system/files?file=2025-01/Bando-331.1RIC-IFC_criteri.pdf,2025-01-13,✗,,,urp_nuovo
id-20241024-081632,https://www.urp.cnr.it/node/17702,✓,https://www.urp.cnr.it/system/files?file=2025-01/Criteri-valutazione-Bando-331.4-RIC-ITM_Redatto.pdf,2025-01-13,✗,,,urp_nuovo
id-20240321-132008,https://www.urp.cnr.it/node/3062,✓,https://www.urp.cnr.it/system/files?file=2024-12/ANS1.13_PI-stralcio-criteri-per-URP_Redatto.pdf,2024-12-23,✗,,,urp_nuovo
id-20241118-075645,https://www.urp.cnr.it/node/19619,✓,https://www.urp.cnr.it/system/files?file=2024-12/DEFINIZIONE-CRITERI_bando_331.2-RIC-ISMAR_ODDO_SIGNED_OSCURATO_signed.pdf,2024-12-20,✗,,,urp_nuovo
id-20240520-182828,https://www.urp.cnr.it/node/6292,✓,https://www.urp.cnr.it/system/files?file=2024-12/ANS1.16-BO-pubblicazione-criteri.pdf,2024-12-20,✗,,,urp_nuovo
id-20240405-120418,https://www.urp.cnr.it/node/3790,✓,https://www.urp.cnr.it/system/files?file=2024-12/ANS18.9_BO_pubblicazione-dei-criteri-per-URP_Redatto.pdf,2024-12-20,✗,,,urp_nuovo
id-20240226-131446,https://www.urp.cnr.it/node/1892,✓,https://www.urp.cnr.it/system/files?file=2024-07/criteri-bando-367.447_Redacted.pdf,2024-07-22,✓,https://www.urp.cnr.it/system/files?file=2024-12/tracce-prova-scritta-bando-367.447.pdf,2024-12-18,urp_nuovo
id-20240529-170914,https://www.urp.cnr.it/node/7085,✗,,,✗,,,urp_nuovo
id-20241007-093103,https://www.urp.cnr.it/node/16472,✓,https://www.urp.cnr.it/system/files?file=2024-12/BANDO-331.2-RIC-ICMATE-Criteri-valutazione_signed.pdf,2024-12-13,✗,,,urp_nuovo
id-20241015-100521,https://www.urp.cnr.it/node/16997,✓,https://www.urp.cnr.it/system/files?file=2024-12/oscuratoCriteri331.1ricIBF-signed.pdf,2024-12-12,✗,,,urp_nuovo
id-20241203-170620,https://www.urp.cnr.it/node/21081,✗,,,✗,,,urp_nuovo
id-20241203-170532,https://www.urp.cnr.it/node/21080,✗,,,✗,,,urp_nuovo
id-20241203-170440,https://www.urp.cnr.it/node/21079,✗,,,✗,,,urp_nuovo
id-20241031-101256,https://www.urp.cnr.it/node/18320,✓,https://www.urp.cnr.it/system/files?file=2024-12/1.9-2024-12-03-Criteri-di-Vautazione_signed_signed-Prot-473768.pdf,2024-12-03,✗,,,urp_nuovo
id-20241023-083654,https://www.urp.cnr.it/node/17521,✓,https://www.urp.cnr.it/system/files?file=2024-12/Bando-n-331.1-RIC-ICCOM-pubblicazione-dei-criteri.pdf,2024-11-29,✗,,,urp_nuovo
id-20240618-121240,https://www.urp.cnr.it/node/8519,✓,https://www.urp.cnr.it/system/files?file=2024-10/301.55_Stralcio-criteri-valutazione_redacted.pdf,2024-10-14,✓,https://www.urp.cnr.it/system/files?file=2024-12/Bando-301.55-Tracce-prova-scritta.pdf,2024-11-29,urp_nuovo
id-20241023-085654,https://www.urp.cnr.it/node/17532,✓,https://www.urp.cnr.it/system/files?file=2024-11/Pubblicazione-dei-criteri.pdf,2024-11-28,✗,,,urp_nuovo
id-20241023-085731,https://www.urp.cnr.it/node/17534,✓,https://www.urp.cnr.it/system/files?file=2024-11/modello-per-la-pubblicazione-dei-criteri-bandi-t.d_signed_signed.pdf,2024-11-27,✗,,,urp_nuovo
id-20240530-070742,https://www.urp.cnr.it/node/7088,✓,https://www.urp.cnr.it/system/files?file=2024-11/ANS1.17_LE-criteri-di-valutazione_Redatto.pdf,2024-11-27,✗,,,urp_nuovo
id-20240729-120635,https://www.urp.cnr.it/node/11976,✓,https://www.urp.cnr.it/system/files?file=2024-10/criteri-301.57_Redacted.pdf,2024-10-18,✓,https://www.urp.cnr.it/system/files?file=2024-11/301.57-BUSTA-A-traccia-estratta-1-Redacted.pdf,2024-11-26,urp_nuovo
id-20240927-105404,https://www.urp.cnr.it/node/15619,✓,https://www.urp.cnr.it/system/files?file=2024-11/PUBBLICAZIONE-criteri-390.82-ISOF-RIC_signed_signed_signed_0.pdf,2024-11-21,✗,,,urp_nuovo
id-20241030-120343,https://www.urp.cnr.it/node/18216,✓,https://www.urp.cnr.it/system/files?file=2024-11/Estratto-Verbale-Criteri-di-Valutazione-Bando-380.1-TEC-CID-Etica_signed.pdf,2024-11-20,✗,,,urp_nuovo
id-20241001-103006,https://www.urp.cnr.it/node/15987,✓,https://www.urp.cnr.it/system/files?file=2024-11/331.3_TEC_IBE_pubblicazione_criteri_senza-firme_signed.pdf,2024-11-18,✗,,,urp_nuovo
id-20240924-092027,https://www.urp.cnr.it/node/15259,✓,https://www.urp.cnr.it/system/files?file=2024-11/bando-331-2-pubblicazione_criteri_firmato_signed.pdf,2024-11-15,✗,,,urp_nuovo
id-20241113-112959,https://www.urp.cnr.it/node/19297,✗,,,✗,,,urp_nuovo
id-20240920-122232,https://www.urp.cnr.it/node/14882,✓,https://www.urp.cnr.it/system/files?file=2024-11/Estratto-citeri-di-valutazione-331-2-ISM-RIC-1-signed.pdf,2024-11-12,✗,,,urp_nuovo
id-20241009-112553,https://www.urp.cnr.it/node/16707,✓,https://www.urp.cnr.it/system/files?file=2024-11/Stralcio-verbale-1deg-riunione_111124.pdf,2024-11-11,✗,,,urp_nuovo
id-20241009-103946,https://www.urp.cnr.it/node/16688,✓,https://www.urp.cnr.it/system/files?file=2024-11/Stralcio-Verbale-11-11-firmato-PDF_firme-oscurate.pdf,2024-11-11,✗,,,urp_nuovo
id-20241002-114546,https://www.urp.cnr.it/node/16201,✓,https://www.urp.cnr.it/system/files?file=2024-11/Estratto_IC_FC_signed.pdf,2024-11-11,✗,,,urp_nuovo
id-20240430-072101,https://www.urp.cnr.it/node/5143,✓,https://www.urp.cnr.it/system/files?file=2024-11/All_ANS1.15-RM_stralcio-criteri-di-valutazione_Redacted.pdf,2024-11-08,✗,,,urp_nuovo
id-20240618-121429,https://www.urp.cnr.it/node/8520,✓,https://www.urp.cnr.it/system/files?file=2024-10/301.56_CTER_IBE_BO_pubblicazione_criteri_Redacted.pdf,2024-10-16,✓,https://www.urp.cnr.it/system/files?file=2024-11/Bando-301.56-CTER-IBE_BO-Tracce-prova-scritta.zip,2024-11-07,urp_nuovo
id-20240226-131709,https://www.urp.cnr.it/node/1893,✓,https://www.urp.cnr.it/system/files?file=2024-09/Criteri_367.448-TEC.pdf,2024-09-16,✓,https://www.urp.cnr.it/system/files?file=2024-11/Template_367.448_TEC_SAC_traccia_A.pdf,2024-11-06,urp_nuovo
id-20241105-133252,https://www.urp.cnr.it/node/18630,✗,,,✗,,,urp_nuovo
id-20241105-133152,https://www.urp.cnr.it/node/18629,✗,,,✗,,,urp_nuovo
id-20240930-071643,https://www.urp.cnr.it/node/15750,✓,https://www.urp.cnr.it/system/files?file=2024-11/modello-per-la-pubblicazione-dei-criteri_bando-390.80_signed.pdf,2024-11-05,✗,,,urp_nuovo
Codice Bando 367.432 Prot. n. 181739,https://archivio.urp.cnr.it/copertine/formazione/form_concorsi/concorsi2023/367_432_bando.pdf,✓,https://archivio.urp.cnr.it/copertine/formazione/form_concorsi/concorsi2023/367_432_criteri.pdf,,✓,https://archivio.urp.cnr.it/copertine/formazione/form_concorsi/concorsi2023/367_432_traccia_A.pdf,2024-11-05,urp_archivio
id-20240927-105243,https://www.urp.cnr.it/node/15618,✓,https://www.urp.cnr.it/system/files?file=2024-10/Bando-390.81-RIC-ISOF-criteri-valut_ne_1_.pdf,2024-10-30,✗,,,urp_nuovo
id-20240920-113631,https://www.urp.cnr.it/node/14854,✓,https://www.urp.cnr.it/system/files?file=2024-10/Pubblicazione-Criteri-Bando-331.3-TEC-IPSP-Tecnologo-firmato.pdf,2024-10-30,✗,,,urp_nuovo
id-20240829-095051,https://www.urp.cnr.it/node/13214,✓,https://www.urp.cnr.it/system/files?file=2024-10/ESTRATTO-valutazine-criteri-profilo-TEC-IIT-URP_signed.pdf,2024-10-30,✗,,,urp_nuovo
id-20240912-150055,https://www.urp.cnr.it/node/14109,✓,https://www.urp.cnr.it/system/files?file=2024-10/Criteri-di-valutazione-Bando-N-331.3-TEC-ITM.pdf,2024-10-29,✗,,,urp_nuovo
id-20241211-121027,https://www.urp.cnr.it/node/21660,✗,,,✗,,,urp_nuovo
id-20240904-104444,https://www.urp.cnr.it/node/13553,✓,https://www.urp.cnr.it/system/files?file=2024-10/Bando-331.1_estratto_criteri.pdf,2024-10-25,✗,,,urp_nuovo
id-20240325-132823,https://www.urp.cnr.it/node/3178,✓,https://www.urp.cnr.it/system/files?file=2024-09/Criteri-di-valutazione-367.452-CTER-SAC_rd.pdf,2024-09-05,✓,https://www.urp.cnr.it/system/files?file=2024-10/Bando-367.452-Tracce-prova-scritta.pdf,2024-10-25,urp_nuovo
id-20240119-111610,https://www.urp.cnr.it/node/764,✓,https://www.urp.cnr.it/system/files?file=2024-07/367.446-pubblicazione-criteri.pdf,2024-07-05,✓,https://www.urp.cnr.it/system/files?file=2024-10/367.446-tracce-prova-scritta.pdf,2024-10-24,urp_nuovo
Codice Bando 367.443 CTER ICAR - Prot. 415892 del 22/12/2023,https://archivio.urp.cnr.it/copertine/formazione/form_concorsi/concorsi2023/367_443_bando.pdf,✓,https://archivio.urp.cnr.it/copertine/formazione/form_concorsi/concorsi2023/367_443_criteri.pdf,2024-05-15,✓,https://archivio.urp.cnr.it/copertine/formazione/form_concorsi/concorsi2023/367_443_tracce_s.pdf,2024-10-24,urp_archivio
Codice Bando 367.442 TEC ISPC - Prot. 399840 del 14/12/2023,https://archivio.urp.cnr.it/copertine/formazione/form_concorsi/concorsi2023/367_442_bando.pdf,✓,https://archivio.urp.cnr.it/copertine/formazione/form_concorsi/concorsi2023/367_442_criteri.pdf,2024-10-15,✗,,,urp_archivio
id-20241015-101130,https://www.urp.cnr.it/node/16999,✗,,,✗,,,urp_nuovo
id-20240409-125825,https://www.urp.cnr.it/node/3960,✓,https://www.urp.cnr.it/system/files?file=2024-10/Bando-n-367.455-TEC-SAC-criteri_Redacted.pdf,2024-10-10,✗,,,urp_nuovo
id-20240409-125825,https://www.urp.cnr.it/node/3960,✓,https://www.urp.cnr.it/system/files?file=2024-10/Bando-n-367.455-TEC-SAC-criteri_Redacted.pdf,2024-10-10,✗,,,urp_nuovo
id-20240325-132713,https://www.urp.cnr.it/node/3176,✓,https://www.urp.cnr.it/system/files?file=2024-07/Criteri-di-valutazione-367.451-CTER-SAC.pdf,2024-07-30,✓,https://www.urp.cnr.it/system/files?file=2024-10/Bando-367.451-Tracce-prova-scritta.pdf,2024-10-10,urp_nuovo
id-20240828-110310,https://www.urp.cnr.it/node/13167,✓,https://www.urp.cnr.it/system/files?file=2024-10/Criteri-Bando-331.4-RIC-INM-per-pubblicazione_signed.pdf,2024-10-08,✗,,,urp_nuovo
id-20240805-071918,https://www.urp.cnr.it/node/12518,✓,https://www.urp.cnr.it/system/files?file=2024-10/modello-per-la-pubblicazione-dei-criteri-bandi-t.d.OK_.pdf,2024-10-08,✗,,,urp_nuovo
id-20240610-113031,https://www.urp.cnr.it/node/7958,✓,https://www.urp.cnr.it/system/files?file=2024-10/Criteri-Bando-N-331.2-ITM-RIC.pdf,2024-10-07,✗,,,urp_nuovo
id-20240327-120744,https://www.urp.cnr.it/node/3356,✓,https://www.urp.cnr.it/system/files?file=2024-10/ANS18_6-pubblicazione-dei-criteri-signed.pdf,2024-10-07,✗,,,urp_nuovo
id-20240327-120703,https://www.urp.cnr.it/node/3355,✓,https://www.urp.cnr.it/system/files?file=2024-10/stralcio-criteri-ANS1.14_MI.pdf,2024-10-07,✗,,,urp_nuovo
id-20240805-071840,https://www.urp.cnr.it/node/12517,✓,https://www.urp.cnr.it/system/files?file=2024-10/modello-per-la-pubblicazione-dei-criteri-di-valutazione.pdf,2024-10-03,✗,,,urp_nuovo
id-20240702-122009,https://www.urp.cnr.it/node/9624,✓,https://www.urp.cnr.it/system/files?file=2024-10/verbale_1_per-pubblicazione-URP.pdf,2024-10-03,✗,,,urp_nuovo
id-20240409-130011,https://www.urp.cnr.it/node/3962,✓,https://www.urp.cnr.it/system/files?file=2024-07/Bando-367_457-CTER-UPP_pubblicazione-dei-criteri.pdf,2024-07-18,✓,https://www.urp.cnr.it/system/files?file=2024-10/367.457-tracce-scritto.pdf,2024-10-03,urp_nuovo
id-20240315-121155,https://www.urp.cnr.it/node/2780,✓,https://www.urp.cnr.it/system/files?file=2024-10/ANS110-1.PDF,2024-10-03,✗,,,urp_nuovo
id-20240710-162951,https://www.urp.cnr.it/node/10306,✓,https://www.urp.cnr.it/system/files?file=2024-10/Bando-331.3-RIC-INM-Valutazione-Titoli_Firme_OSCURATE_signed.pdf,2024-09-30,✗,,,urp_nuovo
id-20240620-180256,https://www.urp.cnr.it/node/8795,✓,https://www.urp.cnr.it/system/files?file=2024-10/Criteri-di-valutazione-signed.pdf,2024-09-30,✗,,,urp_nuovo
id-20240529-122319,https://www.urp.cnr.it/node/7004,✓,https://www.urp.cnr.it/system/files?file=2024-07/367.459-FA-SAC-pubblicaz-criteri_signed_Redacted.pdf,2024-07-26,✓,https://www.urp.cnr.it/system/files?file=2024-09/TRACCE-PROVA-SCRITTA-367.459-FA-SAC_Redacted.pdf,2024-09-25,urp_nuovo
id-20240123-121212,https://www.urp.cnr.it/node/818,✓,https://www.urp.cnr.it/system/files?file=2024-07/pubblicazione-criteri_367.445.pdf,2024-07-15,✓,https://www.urp.cnr.it/system/files?file=2024-09/tracce-prova-scritta-bando-367.445_Redacted.pdf,2024-09-25,urp_nuovo
id-20240722-133621,https://www.urp.cnr.it/node/11300,✓,https://www.urp.cnr.it/system/files?file=2024-09/Criteri_bando_331.5_RIC_INO_firme_oscurate_signed.pdf,2024-09-19,✗,,,urp_nuovo
id-20240513-131409,https://www.urp.cnr.it/node/5833,✓,https://www.urp.cnr.it/system/files?file=2024-09/Criteri_bando-367.458-CTER-IIT-PISA_Redacted.pdf,2024-09-19,✗,,,urp_nuovo
id-20240809-142938,https://www.urp.cnr.it/node/12961,✓,https://www.urp.cnr.it/system/files?file=2024-09/BANDO-331.2-RIC-modello-per-la-pubblicazione-dei-criteri-bandi-t.d-firme-oscurate_signed.pdf,2024-09-13,✗,,,urp_nuovo
id-20240710-070708,https://www.urp.cnr.it/node/10227,✓,https://www.urp.cnr.it/system/files?file=2024-09/BANDO-331-1-RIC-IRPPS-Criteri-valutazione-titoli_signed.pdf,2024-09-13,✗,,,urp_nuovo
id-20240730-081022,https://www.urp.cnr.it/node/12087,✓,https://www.urp.cnr.it/system/files?file=2024-09/Pubblicazione-dei-criteri-331.1-RIC-SPIN-signed.pdf,2024-09-11,✗,,,urp_nuovo
id-20240612-142635,https://www.urp.cnr.it/node/8093,✓,https://www.urp.cnr.it/system/files?file=2024-09/pubblicazione-criteri-bandi-t.d-n.331.3-RIC-IAC-oscurato.pdf,2024-09-11,✗,,,urp_nuovo
id-20240715-150736,https://www.urp.cnr.it/node/10682,✓,https://www.urp.cnr.it/system/files?file=2024-09/Pubblicazione-criteri-331.1-TEC-IOM-signed.pdf,2024-09-03,✗,,,urp_nuovo
id-20240528-103702,https://www.urp.cnr.it/node/6841,✓,https://www.urp.cnr.it/system/files?file=2024-08/Modello-per-la-pubblicazione-dei-criteri-bando-331.4_signed.pdf,2024-08-27,✗,,,urp_nuovo
id-20240807-145924,https://www.urp.cnr.it/node/12798,✗,,,✗,,,urp_nuovo
id-20240807-143551,https://www.urp.cnr.it/node/12793,✗,,,✗,,,urp_nuovo
id-20240522-121910,https://www.urp.cnr.it/node/6443,✓,https://www.urp.cnr.it/system/files?file=2024-08/245_15-criteri-valutazione_signed.pdf,2024-08-05,✗,,,urp_nuovo
id-20240304-100819,https://www.urp.cnr.it/node/2136,✓,https://www.urp.cnr.it/system/files?file=2024-07/pubblicazione-dei-criteri_bando-367.450-CTER-area-MI1_signed_Redatto.pdf,2024-07-26,✗,,,urp_nuovo
id-20240304-100605,https://www.urp.cnr.it/node/2134,✓,https://www.urp.cnr.it/system/files?file=2024-07/pubblicazione-dei-criteri_bando-367.449-CTER-area-MI1_signed_Redatto.pdf,2024-07-26,✗,,,urp_nuovo
id-20240320-181551,https://www.urp.cnr.it/node/2985,✓,https://www.urp.cnr.it/system/files?file=2024-07/ANS1.12FI_pubblicazione-dei-criteri.pdf,2024-07-25,✗,,,urp_nuovo
id-20240320-181646,https://www.urp.cnr.it/node/2986,✓,https://www.urp.cnr.it/system/files?file=2024-07/Criteri-di-valutazione-ANS18.5_FI.pdf,2024-07-18,✗,,,urp_nuovo
id-20240531-120803,https://www.urp.cnr.it/node/7250,✓,https://www.urp.cnr.it/system/files?file=2024-07/331.1-TEC_UVR_pubblicazione_criteri.PDF,2024-07-15,✗,,,urp_nuovo
id-20240409-125731,https://www.urp.cnr.it/node/3959,✓,https://www.urp.cnr.it/system/files?file=2024-07/367.454-Stralcio-criteri_Redacted.pdf,2024-07-15,✗,,,urp_nuovo
id-20240709-140930,https://www.urp.cnr.it/node/10176,✗,,,✗,,,urp_nuovo
id-20240709-140711,https://www.urp.cnr.it/node/10175,✗,,,✗,,,urp_nuovo
id-20240325-132936,https://www.urp.cnr.it/node/3181,✓,https://www.urp.cnr.it/system/files?file=2024-07/Bando_367.453-CTER-STIIMA-criteri_Redacted.pdf,2024-07-09,✗,,,urp_nuovo
id-20240408-111958,https://www.urp.cnr.it/node/3865,✓,https://www.urp.cnr.it/system/files?file=2024-07/Criteri-Valutazione-Bando-245.11-TEC-ITM-con-firme_Redatto.pdf,2024-07-08,✗,,,urp_nuovo
id-20240328-093200,https://www.urp.cnr.it/node/3395,✓,https://www.urp.cnr.it/system/files?file=2024-07/ANS-18.7-PUBBLICAZIONE-CRITERI-DA-PUBBLICARE.pdf,2024-07-05,✗,,,urp_nuovo
id-20240325-163949,https://www.urp.cnr.it/node/3223,✓,https://www.urp.cnr.it/system/files?file=2024-07/ANS18.4_PV-STRALCIO-criteri_signed.pdf,2024-07-05,✗,,,urp_nuovo
id-20240311-151011,https://www.urp.cnr.it/node/2484,✓,https://www.urp.cnr.it/system/files?file=2024-07/ANS1.9-PG-stralcio-verbale_firmato_Redacted.pdf,2024-07-04,✗,,,urp_nuovo
id-20240411-105030,https://www.urp.cnr.it/node/4119,✓,https://www.urp.cnr.it/system/files?file=2024-07/Pubblicazione-criteri-Bando-245.13-RIC-IPSP_Firmato-oscurato.pdf,2024-07-01,✗,,,urp_nuovo
id-20240411-104809,https://www.urp.cnr.it/node/4118,✓,https://www.urp.cnr.it/system/files?file=2024-07/Pubblicazione-criteri-Bando-245.12-RIC-IPSP-con-fime-oscurate.pdf,2024-07-01,✗,,,urp_nuovo
id-20240307-162929,https://www.urp.cnr.it/node/2364,✓,https://www.urp.cnr.it/system/files?file=2024-06/ANS1.6_TS-pubblicazione-dei-criteri_Redacted.pdf,2024-06-18,✗,,,urp_nuovo
id-20240419-155210,https://www.urp.cnr.it/node/4675,✓,https://www.urp.cnr.it/system/files?file=2024-06/Verbale1_CRITERI_245.14-TEC-IIA_prot.132893_19.04.2024pdf-signed_firmeoscurate.pdf,2024-06-13,✗,,,urp_nuovo
id-20240611-154945,https://www.urp.cnr.it/node/8034,✗,,,✗,,,urp_nuovo
id-20240611-154846,https://www.urp.cnr.it/node/8033,✗,,,✗,,,urp_nuovo
id-20240611-154704,https://www.urp.cnr.it/node/8032,✗,,,✗,,,urp_nuovo
id-20240403-112245,https://www.urp.cnr.it/node/3607,✓,https://www.urp.cnr.it/system/files?file=2024-05/ANS18.8TS-Pubblicazione-criteri-di-valutazione_Redacted.pdf,2024-05-29,✗,,,urp_nuovo
id-20240306-144945,https://www.urp.cnr.it/node/2266,✓,https://www.urp.cnr.it/system/files?file=2024-05/ANS1.8VB%20-%20Pubblicazione%20criteri%20di%20valutazione_Redacted.pdf,2024-05-29,✗,,,urp_nuovo
id-20240119-111430,https://www.urp.cnr.it/node/763,✓,https://www.urp.cnr.it/system/files?file=2024-05/modello%20per%20la%20pubblicazione%20dei%20criteri%20367.444.pdf,2024-05-23,✗,,,urp_nuovo
id-20240122-110042,https://www.urp.cnr.it/node/790,✓,https://www.urp.cnr.it/system/files?file=2024-05/Criteri%20di%20valutazione%20bando%20331_2%20TEC%20IPCB_Redacted_signed.pdf,2024-05-22,✗,,,urp_nuovo
id-20240322-150404,https://www.urp.cnr.it/node/3137,✓,https://www.urp.cnr.it/system/files?file=2024-05/ANS1.11_VE%20-%20Stralcio%20Pubblicazione%20Criteri.pdf,2024-05-21,✗,,,urp_nuovo
Codice Bando 367.436 TEC IFC Prot. 295553 del 06/10/2023,https://archivio.urp.cnr.it/copertine/formazione/form_concorsi/concorsi2023/367_436_bando.pdf,✓,https://archivio.urp.cnr.it/copertine/formazione/form_concorsi/concorsi2023/367_436_criteri.pdf,2024-01-29,✓,https://archivio.urp.cnr.it/copertine/formazione/form_concorsi/concorsi2023/367_436_tracce_s.pdf,2024-05-21,urp_archivio
Codice Bando 367.433 FA - Prot. 212839 del 07/07/2023,https://archivio.urp.cnr.it/copertine/formazione/form_concorsi/concorsi2023/367_433_bando.pdf,✓,https://archivio.urp.cnr.it/copertine/formazione/form_concorsi/concorsi2023/367_433_criteri_06.pdf,2024-03-12,✓,https://archivio.urp.cnr.it/copertine/formazione/form_concorsi/concorsi2023/367_433_tracce_s_12.zip,2024-05-10,urp_archivio
id-20240315-090216,https://www.urp.cnr.it/node/2728,✓,https://www.urp.cnr.it/system/files?file=2024-05/Criteri_Bando_TD%20331.1_TEC%20IBBR_firme_criptate_signed.pdf,2024-05-07,✗,,,urp_nuovo
Codice Bando 367.438 TEC SAC Prot 355092,https://archivio.urp.cnr.it/copertine/formazione/form_concorsi/concorsi2023/367_438_bando.pdf,✓,https://archivio.urp.cnr.it/copertine/formazione/form_concorsi/concorsi2023/367_438_criteri.pdf,2024-05-07,✗,,,urp_archivio
id-20240123-143418,https://www.urp.cnr.it/node/825,✓,https://www.urp.cnr.it/system/files?file=2024-05/ANS1.7_PV%20pubblicazione%20dei%20criteri_Redacted.pdf,2024-05-06,✗,,,urp_nuovo
Codice Bando 367.440 TEC SAC UPP - Prot. 400391 del 14/12/2023,https://archivio.urp.cnr.it/copertine/formazione/form_concorsi/concorsi2023/367_440_bando.pdf,✓,https://archivio.urp.cnr.it/copertine/formazione/form_concorsi/concorsi2023/367_440_criteri.pdf,2024-05-06,✗,,,urp_archivio
id-20240429-124048,https://www.urp.cnr.it/node/5067,✗,,,✗,,,urp_nuovo
id-20240429-124006,https://www.urp.cnr.it/node/5066,✗,,,✗,,,urp_nuovo
id-20240429-123922,https://www.urp.cnr.it/node/5065,✗,,,✗,,,urp_nuovo
id-20240429-123837,https://www.urp.cnr.it/node/5064,✗,,,✗,,,urp_nuovo
id-20240314-121017,https://www.urp.cnr.it/node/2656,✓,https://www.urp.cnr.it/system/files?file=2024-04/Bando%20331.2%20TEC%20IPSP_Estratto%20Verbale_signed.pdf,2024-04-23,✗,,,urp_nuovo
id-20240304-161920,https://www.urp.cnr.it/node/2172,✓,https://www.urp.cnr.it/system/files?file=2024-04/criteri%20selezione_BANDO%20380.1%20TEC%20USRG.pdf,2024-04-15,✗,,,urp_nuovo
id-20240123-143538,https://www.urp.cnr.it/node/826,✓,https://www.urp.cnr.it/system/files?file=2024-04/ANS18.3MBCriteri%20di%20valutazione%20da%20pubblicare_redacted.pdf,2024-04-09,✗,,,urp_nuovo
id-20240216-083534,https://www.urp.cnr.it/node/1488,✓,https://www.urp.cnr.it/system/files?file=2024-04/331.1_RIC_IBE_estratto_criteri%20%281%29_signed.pdf,2024-04-05,✗,,,urp_nuovo
id-20240220-163243,https://www.urp.cnr.it/node/1670,✓,https://www.urp.cnr.it/system/files?file=2024-03/Bando331.2TEC%20IFN_ESTRATTO%20VERB.1_CRITERI_signed_signed.pdf,2024-03-27,✗,,,urp_nuovo
id-20240205-103145,https://www.urp.cnr.it/node/1092,✓,https://www.urp.cnr.it/system/files?file=2024-03/modello%20pubblicazione%20criteri_signed_fto.pdf,2024-03-22,✗,,,urp_nuovo
id-20240119-161255,https://www.urp.cnr.it/node/779,✓,https://www.urp.cnr.it/system/files?file=2024-03/Verbale%201_Criteri%20245.10_TEC_prot17488_19Gen24.pdf_firmeoscusate.pdf,2024-03-20,✗,,,urp_nuovo
id-20240130-114422,https://www.urp.cnr.it/node/937,✓,https://www.urp.cnr.it/system/files?file=2024-03/Criteri%20di%20valutazione%20bando%20331%201%20GIANCE_rev_14_03_2024_signed-signed.pdf,2024-03-14,✗,,,urp_nuovo
Codice Bando 367.439 FA UC - Prot 354887,https://archivio.urp.cnr.it/copertine/formazione/form_concorsi/concorsi2023/367_439_bando.pdf,✓,https://archivio.urp.cnr.it/copertine/formazione/form_concorsi/concorsi2023/367_439_criteri.pdf,2024-02-09,✓,https://archivio.urp.cnr.it/copertine/formazione/form_concorsi/concorsi2023/367_439_tracce_s.zip,2024-03-14,urp_archivio
id-20240312-154038,https://www.urp.cnr.it/node/2549,✗,,,✗,,,urp_nuovo
id-20240312-153936,https://www.urp.cnr.it/node/2548,✗,,,✗,,,urp_nuovo
id-20240312-153825,https://www.urp.cnr.it/node/2546,✗,,,✗,,,urp_nuovo
Codice Bando 367.441 CTER SAC - Prot. 399814 del 14/12/2023,https://archivio.urp.cnr.it/copertine/formazione/form_concorsi/concorsi2023/367_441_bando.pdf,✓,https://archivio.urp.cnr.it/copertine/formazione/form_concorsi/concorsi2023/367_441_criteri.pdf,2024-03-11,✗,,,urp_archivio
id-20240308-065513,https://www.urp.cnr.it/node/2394,✓,https://www.urp.cnr.it/system/files?file=2024-03/pubblicazione%20dei%20criteri%20bando%20331_1%20RIC%20ISMAR_signed_masked.pdf,2024-03-07,✗,,,urp_nuovo
Codice Bando 367.346 - Prot AMMCEN n. 0052132,https://archivio.urp.cnr.it/copertine/formazione/form_concorsi/concorsi2022/367_346_bando.pdf,✓,https://archivio.urp.cnr.it/copertine/formazione/form_concorsi/concorsi2022/367_346_criteri.pdf,2023-10-18,✓,https://archivio.urp.cnr.it/copertine/formazione/form_concorsi/concorsi2022/367_346_tracce_s.pdf,2024-02-23,urp_archivio
id-20240219-124014,https://www.urp.cnr.it/node/1578,✗,,,✗,,,urp_nuovo
id-20240219-123509,https://www.urp.cnr.it/node/1575,✗,,,✗,,,urp_nuovo
id-20240213-122316,https://www.urp.cnr.it/node/1352,✗,,,✗,,,urp_nuovo
id-20240213-122316,https://www.urp.cnr.it/node/1352,✗,,,✗,,,urp_nuovo
id-20240213-122016,https://www.urp.cnr.it/node/1349,✗,,,✗,,,urp_nuovo
id-20240213-122016,https://www.urp.cnr.it/node/1349,✗,,,✗,,,urp_nuovo
Codice Bando 367.437 CTER AREA RM1 Prot. 300788,https://archivio.urp.cnr.it/copertine/formazione/form_concorsi/concorsi2023/367_437_bando.pdf,✓,https://archivio.urp.cnr.it/copertine/formazione/form_concorsi/concorsi2023/367_437_criteri.pdf,2024-02-05,✗,,,urp_archivio
id-20240129-162113,https://www.urp.cnr.it/node/928,✗,,,✗,,,urp_nuovo
